{
  "version": 1,
  "author": "Anonymous maker",
  "editor": "wokwi",
  "parts": [
    {
      "type": "wokwi-esp32-devkit-v1",
      "id": "esp",
      "top": -66,
      "left": -22.67,
      "attrs": { "env": "micropython-20230426-v1.20.0" }
    },
    { "type": "wokwi-led", "id": "led1", "top": -38.53, "left": 171, "attrs": { "color": "red" } },
    { "type": "wokwi-potentiometer", "id": "pot1", "top": -42.23, "left": -161.67, "attrs": {} }
  ],
  "connections": [
    [ "esp:TX0", "$serialMonitor:RX", "", [] ],
    [ "esp:RX0", "$serialMonitor:TX", "", [] ],
    [ "pot1:SIG", "esp:D34", "green", [ "v23.13", "h62.41", "v-61.33" ] ],
    [ "pot1:GND", "esp:GND.2", "black", [ "v0" ] ],
    [ "pot1:VCC", "esp:VIN", "red", [ "v0" ] ],
    [ "led1:A", "esp:D15", "green", [ "v0" ] ],
    [ "led1:C", "esp:GND.1", "green", [ "v0" ] ]
  ],
  "dependencies": {}
}